SN,IP Delay (ms)
9001,20.95198631286621
9002,20.88594436645508
9003,20.895957946777344
9004,20.8120346069336
9005,20.740985870361328
9006,20.67804336547852
9007,20.60198783874512
9008,20.519018173217773
9009,20.47109603881836
9010,20.390987396240234
9011,20.390987396240234
9012,20.22600173950196
9013,20.2021598815918
9014,20.19596099853516
9015,20.10703086853028
9016,20.068883895874023
9017,19.97590065002441
9018,19.92511749267578
9019,19.84715461730957
9020,19.8361873626709
9021,19.706010818481445
9022,19.694805145263672
9023,19.64282989501953
9024,19.55199241638184
9025,19.49501037597656
9026,19.42300796508789
9027,19.37699317932129
9028,19.28400993347168
9029,19.24586296081543
9030,19.17386054992676
9031,19.09494400024414
9032,19.09494400024414
9033,18.95904541015625
9034,18.939971923828125
9035,18.861055374145508
9036,18.82004737854004
9037,18.74995231628418
9038,18.69416236877441
9039,18.630027770996094
9040,18.55087280273437
9041,18.474817276000977
9042,18.3868408203125
9043,18.32890510559082
9044,18.339157104492188
9045,18.193960189819336
9046,18.19014549255371
9047,18.12291145324707
9048,18.039941787719727
9049,17.969131469726562
9050,17.911195755004883
9051,17.82512664794922
9052,17.863988876342773
9053,17.694950103759766
9054,17.70305633544922
9055,17.635822296142578
9056,17.54903793334961
9057,17.48490333557129
9058,17.4100399017334
9059,17.366886138916016
9060,17.26388931274414
9061,17.194032669067383
9062,17.18282699584961
9063,17.060041427612305
9064,17.05002784729004
9065,16.978979110717773
9066,16.916990280151367
9067,16.849994659423828
9068,16.791105270385742
9069,16.76011085510254
9070,16.665935516357422
9071,16.579866409301758
9072,16.502857208251953
9073,16.451120376586914
9074,16.453027725219727
9075,16.295909881591797
9076,16.295909881591797
9077,16.231060028076172
9078,21.198034286499023
9079,21.10600471496582
9080,21.02804183959961
9081,21.010875701904297
9082,20.88594436645508
9083,20.865917205810547
9084,20.81608772277832
9085,20.70903778076172
9086,20.647048950195312
9087,20.59412002563477
9088,20.5068588256836
9089,20.45297622680664
9090,20.38502693176269
9091,20.39194107055664
9092,20.25794982910156
9093,20.273923873901367
9094,20.19500732421875
9095,20.094871520996094
9096,20.02215385437012
9097,19.968032836914062
9098,19.91820335388184
9099,19.85383033752441
9100,19.77801322937012
9101,19.7451114654541
9102,19.630908966064453
9103,19.631147384643555
9104,19.53411102294922
9105,19.4699764251709
9106,19.41514015197754
9107,19.31095123291016
9108,19.268035888671875
9109,19.175052642822266
9110,19.124984741210938
9111,19.05512809753418
9112,18.997907638549805
9113,18.989086151123047
9114,18.85104179382324
9115,18.83816719055176
9116,18.77093315124512
9117,18.719911575317383
9118,18.62478256225586
9119,19.6380615234375
9120,18.535852432250977
9121,18.43094825744629
9122,18.40686798095703
9123,18.290042877197266
9124,18.26190948486328
9125,18.22090148925781
9126,18.07212829589844
9127,18.080949783325195
9128,17.99607276916504
9129,17.95792579650879
9130,17.917871475219727
9131,17.835140228271484
9132,17.753124237060547
9133,17.66800880432129
9134,17.62700080871582
9135,17.60411262512207
9136,17.49587059020996
9137,17.462968826293945
9138,17.4100399017334
9139,17.316818237304688
9140,17.244815826416016
9141,17.1968936920166
9142,17.117977142333984
9143,17.055988311767578
9144,17.000198364257812
9145,16.90196990966797
9146,16.854047775268555
9147,16.77703857421875
9148,16.715049743652344
9149,16.711950302124023
9150,16.627073287963867
9151,16.60299301147461
9152,16.541004180908203
9153,16.463041305541992
9154,16.4029598236084
9155,16.325950622558594
9156,16.246795654296875
9157,16.184091567993164
9158,21.162033081054688
9159,21.08001708984375
9160,21.02208137512207
9161,20.92909812927246
9162,20.884990692138672
9163,20.792007446289062
9164,20.743846893310547
9165,20.661115646362305
9166,20.651817321777344
9167,20.51401138305664
9168,20.55191993713379
9169,20.399093627929688
9170,20.40314674377441
9171,20.3249454498291
9172,20.25699615478516
9173,20.16186714172364
9174,20.13397216796875
9175,20.04098892211914
9176,19.97900009155273
9177,19.917011260986328
9178,19.83809471130371
9179,19.787073135375977
9180,19.79708671569824
9181,19.63496208190918
9182,19.654035568237305
9183,19.55413818359375
9184,19.48785781860352
9185,19.4089412689209
9186,19.34409141540528
9187,19.29306983947754
9188,19.203901290893555
9189,19.137859344482425
9190,19.079923629760746
9191,18.98789405822754
9192,18.999099731445312
9193,18.85509490966797
9194,18.88298988342285
9195,18.78595352172852
9196,18.722057342529297
9197,18.665075302124023
9198,18.60904693603516
9199,18.52297782897949
9200,18.436908721923828
9201,18.377065658569336
9202,18.377065658569336
9203,18.24307441711425
9204,18.25690269470215
9205,18.168926239013672
9206,18.09215545654297
9207,18.03207397460937
9208,17.966032028198242
9209,17.963171005249023
9210,17.86184310913086
9211,17.83299446105957
9212,17.77195930480957
9213,17.698049545288086
9214,17.653942108154297
9215,17.575979232788086
9216,17.518997192382812
9217,17.457962036132812
9218,17.384052276611328
9219,17.322063446044922
9220,17.267942428588867
9221,17.173051834106445
9222,17.126083374023438
9223,17.125844955444336
9224,16.9830322265625
9225,16.955137252807617
9226,16.888856887817383
9227,16.82305335998535
9228,16.758203506469727
9229,16.668081283569336
9230,16.629934310913086
9231,16.58010482788086
9232,16.507863998413086
9233,16.424894332885742
9234,16.34502410888672
9235,16.340970993041992
9236,16.195058822631836
9237,21.183013916015625
9238,21.095991134643555
9239,21.038055419921875
9240,20.971059799194336
9241,20.89476585388184
9242,20.840883255004883
9243,20.75982093811035
9244,20.692110061645508
9245,20.669937133789062
9246,20.56097984313965
9247,20.539045333862305
9248,20.47300338745117
9249,20.413875579833984
9250,20.339012145996094
9251,20.264863967895508
9252,20.194053649902344
9253,20.13397216796875
9254,20.116090774536133
9255,19.97709274291992
9256,19.97995376586914
9257,19.90008354187012
9258,19.82998847961425
9259,19.761085510253903
9260,19.67978477478028
9261,19.623994827270508
9262,19.627094268798828
9263,19.477128982543945
9264,19.43087577819824
9265,19.36793327331543
9266,19.34695243835449
9267,19.232988357543945
9268,19.21296119689941
9269,19.16122436523437
9270,20.01309394836425
9271,18.99385452270508
9272,18.963098526000977
9273,18.890857696533203
9274,18.82410049438477
9275,18.756866455078125
9276,18.687009811401367
9277,18.620014190673828
9278,18.6159610748291
9279,18.48483085632324
9280,18.48697662353516
9281,18.39685440063477
9282,18.323183059692383
9283,18.2490348815918
9284,18.177032470703125
9285,18.124818801879883
9286,18.103837966918945
9287,18.004894256591797
9288,17.945051193237305
9289,17.872095108032227
9290,17.891883850097656
9291,17.704010009765625
9292,17.70305633544922
9293,17.635822296142578
9294,17.612934112548828
9295,17.589092254638672
9296,17.472028732299805
9297,17.371177673339844
9298,17.314910888671875
9299,17.245054244995117
9300,17.222166061401367
9301,17.088890075683594
9302,17.07005500793457
9303,17.024993896484375
9304,16.96610450744629
9305,16.8759822845459
9306,16.808032989501953
9307,16.757965087890625
9308,16.691923141479492
9309,16.618967056274414
9310,16.53909683227539
9311,16.468048095703125
9312,16.409873962402344
9313,16.335010528564453
9314,16.31903648376465
9315,16.261816024780273
9316,21.18802070617676
9317,21.06785774230957
9318,21.03710174560547
9319,21.00801467895508
9320,20.89405059814453
9321,20.884037017822266
9322,20.81894874572754
9323,20.75815200805664
9324,20.65396308898925
9325,20.59602737426757
9326,20.5230712890625
9327,20.457983016967773
9328,20.407915115356445
9329,20.322084426879883
9330,20.26987075805664
9331,20.305156707763672
9332,20.132064819335938
9333,20.125865936279297
9334,20.050048828125
9335,19.999027252197266
9336,19.91415023803711
9337,19.85001564025879
9338,19.783973693847656
9339,19.72484588623047
9340,19.64998245239257
9341,19.58513259887696
9342,19.50693130493164
9343,19.45996284484864
9344,19.37484741210937
9345,19.30880546569824
9346,19.243955612182617
9347,19.25802230834961
9348,19.09208297729492
9349,19.09494400024414
9350,19.03510093688965
9351,19.02484893798828
9352,18.94402503967285
9353,18.867969512939453
9354,18.780946731567383
9355,18.725156784057617
9356,18.64910125732422
9357,18.589019775390625
9358,18.51892471313477
9359,18.474817276000977
9360,18.40400695800781
9361,18.393993377685547
9362,18.264055252075195
9363,18.2490348815918
9364,18.19896697998047
9365,18.16701889038086
9366,18.060922622680664
9367,18.00990104675293
9368,17.914772033691406
9369,17.85588264465332
9370,17.796993255615234
9371,17.699003219604492
9372,17.64702796936035
9373,17.622947692871094
9374,17.490863800048828
9375,17.5020694732666
9376,17.41504669189453
9377,17.359018325805664
9378,17.28987693786621
9379,17.21501350402832
9380,17.184972763061523
9381,17.193078994750977
9382,17.01498031616211
9383,16.999006271362305
9384,16.922950744628906
9385,16.85190200805664
9386,16.788959503173828
9387,16.700029373168945
9388,16.659975051879883
9389,16.56317710876465
9390,16.52693748474121
9391,16.420841217041016
9392,16.38317108154297
9393,16.366004943847656
9394,16.254901885986328
9395,16.242027282714844
9396,21.164894104003903
9397,21.08979225158692
9398,21.091938018798828
9399,20.94101905822754
9400,20.95794677734375
9401,20.853042602539062
9402,20.821094512939453
9403,20.72906494140625
9404,20.64990997314453
9405,20.61700820922852
9406,20.54595947265625
9407,20.49112319946289
9408,20.4160213470459
9409,20.34592628479004
9410,20.28894424438477
9411,20.188093185424805
9412,20.207881927490234
9413,20.085811614990234
9414,20.094871520996094
9415,20.01619338989257
9416,19.932985305786133
9417,19.871950149536133
9418,19.791841506958008
9419,19.72198486328125
9420,19.6528434753418
9421,19.566059112548828
9422,19.55795288085937
9423,19.451141357421875
9424,19.45996284484864
9425,19.381999969482425
9426,19.30999755859375
9427,19.21892166137696
9428,19.15788650512696
9429,19.10185813903809
9430,19.03605461120605
9431,18.937110900878903
9432,18.893957138061523
9433,18.83387565612793
9434,18.76497268676757
9435,18.680810928344727
9436,18.68414878845215
9437,18.557071685791016
9438,18.555164337158203
9439,18.48292350769043
9440,18.42212677001953
9441,18.35799217224121
9442,18.286943435668945
9443,18.22495460510254
9444,18.15009117126465
9445,18.1570053100586
9446,18.004894256591797
9447,18.006086349487305
9448,17.959117889404297
9449,17.8680419921875
9450,17.813920974731445
9451,17.724037170410156
9452,17.66514778137207
9453,17.59505271911621
9454,17.547130584716797
9455,17.482995986938477
9456,17.431974411010742
9457,17.419815063476562
9458,17.29297637939453
9459,17.257213592529297
9460,17.18616485595703
9461,17.13705062866211
9462,17.073869705200195
9463,16.997098922729492
9464,16.93105697631836
9465,16.85309410095215
9466,16.79086685180664
9467,16.720056533813477
9468,16.654014587402344
9469,16.633987426757812
9470,16.542911529541016
9471,18.55778694152832
9472,16.46900177001953
9473,16.387939453125
9474,16.315937042236328
9475,16.229867935180664
9476,21.151065826416016
9477,21.08001708984375
9478,21.01898193359375
9479,21.009206771850582
9480,20.879030227661133
9481,20.877838134765625
9482,20.841121673583984
9483,20.74599266052246
9484,20.661115646362305
9485,20.57099342346192
9486,20.509004592895508
9487,20.51091194152832
9488,20.374059677124023
9489,20.38121223449707
9490,20.24698257446289
9491,20.23506164550781
9492,20.16210556030273
9493,20.06697654724121
9494,20.020008087158203
9495,20.025968551635746
9496,20.48492431640625
9497,19.84715461730957
9498,19.819974899291992
9499,19.73795890808105
9500,19.662857055664062
9501,19.55604553222656
9502,19.54197883605957
9503,19.489049911499023
9504,19.41394805908203
9505,19.324064254760746
9506,19.26898956298828
9507,19.20008659362793
9508,19.1950798034668
9509,19.04606819152832
9510,19.0579891204834
9511,18.92995834350586
9512,18.92304420471192
9513,18.84293556213379
9514,18.78881454467773
9515,18.7070369720459
9516,18.66006851196289
9517,18.557071685791016
9518,18.49198341369629
9519,18.440961837768555
9520,18.376827239990234
9521,18.316030502319336
9522,18.30983161926269
9523,18.16010475158692
9524,18.15509796142578
9525,18.069982528686523
9526,18.013954162597656
9527,17.974853515625
9528,17.882108688354492
9529,17.858028411865234
9530,17.795085906982422
9531,17.71092414855957
9532,17.650842666625977
9533,17.590999603271484
9534,17.583131790161133
9535,17.500877380371094
9536,17.468929290771484
9537,17.312049865722656
9538,17.306089401245117
9539,17.21501350402832
9540,17.162799835205078
9541,17.083168029785156
9542,17.01211929321289
9543,16.933917999267578
9544,16.875028610229492
9545,16.78299903869629
9546,16.785860061645508
9547,16.716957092285156
9548,16.642093658447266
9549,16.582965850830078
9550,16.555070877075195
9551,16.471147537231445
9552,16.40605926513672
9553,16.328096389770508
9554,16.2508487701416
9555,21.22783660888672
9556,21.14105224609375
9557,21.078109741210938
9558,20.966053009033203
9559,20.96390724182129
9560,20.87712287902832
9561,20.81298828125
9562,20.74885368347168
9563,20.68114280700684
9564,20.60699462890625
9565,20.62201499938965
9566,20.48206329345703
9567,20.47085762023925
9568,20.400047302246094
9569,20.31707763671875
9570,20.25985717773437
9571,20.2028751373291
9572,20.09797096252441
9573,20.032167434692383
9574,19.98686790466309
9575,19.929170608520508
9576,19.84381675720215
9577,19.842863082885746
9578,19.71912384033203
9579,19.701004028320312
9580,19.620895385742188
9581,19.55604553222656
9582,19.49715614318848
9583,19.46306228637696
9584,19.3789005279541
9585,19.30785179138184
9586,19.23799514770508
9587,19.170045852661133
9588,19.07610893249512
9589,19.084930419921875
9590,18.89801025390625
9591,18.92399787902832
9592,18.85700225830078
9593,18.80192756652832
9594,18.743038177490234
9595,18.661022186279297
9596,18.628835678100582
9597,18.552064895629883
9598,18.467187881469727
9599,18.45717430114746
9600,18.3401107788086
9601,18.323898315429688
9602,18.24307441711425
9603,18.198013305664062
9604,18.134117126464844
9605,18.06187629699707
9606,18.013954162597656
9607,17.90595054626465
9608,17.817020416259766
9609,17.766952514648438
9610,17.70782470703125
9611,17.653942108154297
9612,17.596006393432617
9613,17.565011978149414
9614,17.42410659790039
9615,17.43292808532715
9616,17.366886138916016
9617,17.300844192504883
9618,17.230987548828125
9619,17.145156860351562
9620,17.11893081665039
9621,17.057180404663086
9622,16.98613166809082
9623,16.987085342407227
9624,16.90506935119629
9625,16.85190200805664
9626,16.76487922668457
9627,16.705036163330078
9628,16.614913940429688
9629,16.59393310546875
9630,16.53599739074707
9631,16.511917114257812
9632,16.3729190826416
9633,16.366004943847656
9634,16.313791275024414
9635,16.220808029174805
9636,21.198034286499023
9637,21.079063415527344
9638,21.090030670166016
9639,21.006107330322266
9640,20.91383934020996
9641,20.859956741333008
9642,20.81894874572754
9643,20.72906494140625
9644,20.63298225402832
9645,20.552873611450195
9646,20.553112030029297
9647,20.47896385192871
9648,20.46704292297364
9649,20.328044891357425
9650,20.313024520874023
9651,20.2329158782959
9652,20.179033279418945
9653,20.127058029174805
9654,20.045042037963867
9655,19.98591423034668
9656,19.906044006347656
9657,19.834041595458984
9658,19.76490020751953
9659,19.700050354003903
9660,19.71006393432617
9661,19.549131393432617
9662,19.531965255737305
9663,19.46091651916504
9664,19.40298080444336
9665,19.34099197387696
9666,19.264936447143555
9667,19.19412612915039
9668,19.19102668762207
9669,19.051074981689453
9670,19.068002700805664
9671,19.047975540161133
9672,18.898963928222656
9673,18.796920776367188
9674,18.73183250427246
9675,18.64886283874512
9676,18.57805252075196
9677,18.52703094482422
9678,18.45002174377441
9679,18.45312118530273
9680,18.30291748046875
9681,18.290042877197266
9682,18.223047256469727
9683,18.14794540405273
9684,18.112897872924805
9685,18.049001693725582
9686,18.02611351013184
9687,17.885923385620117
9688,17.887115478515625
9689,17.802953720092773
9690,17.753124237060547
9691,17.699003219604492
9692,17.628908157348633
9693,17.57502555847168
9694,17.51112937927246
9695,17.457008361816406
9696,17.40407943725586
9697,17.328977584838867
9698,17.26508140563965
9699,17.197847366333008
9700,17.17400550842285
9701,17.095088958740234
9702,17.026901245117188
9703,16.963958740234375
9704,16.905784606933594
9705,16.822099685668945
9706,16.743898391723633
9707,16.694068908691406
9708,16.621112823486328
9709,16.547203063964844
9710,16.544818878173828
9711,16.397953033447266
9712,16.4031982421875
9713,16.335010528564453
9714,16.288042068481445
9715,21.218061447143555
9716,21.11601829528809
9717,21.058082580566406
9718,20.977020263671875
9719,20.94101905822754
9720,20.8740234375
9721,20.80082893371582
9722,20.715951919555664
9723,20.630836486816406
9724,20.62392234802246
9725,20.514965057373047
9726,20.52021026611328
9727,20.4470157623291
9728,20.373106002807617
9729,20.335912704467773
9730,20.27106285095215
9731,20.282983779907227
9732,20.116090774536133
9733,20.152807235717773
9734,19.98186111450196
9735,19.989013671875
9736,19.92082595825196
9737,19.845962524414062
9738,19.76299285888672
9739,19.691944122314453
9740,19.61612701416016
9741,19.573211669921875
9742,19.50812339782715
9743,19.505023956298828
9744,19.35601234436035
9745,19.35410499572754
9746,19.287109375
9747,19.212007522583008
9748,19.160032272338867
9749,19.073963165283203
9750,19.03104782104492
9751,18.951892852783203
9752,18.89801025390625
9753,18.81098747253418
9754,18.735170364379883
9755,18.735885620117188
9756,18.61500740051269
9757,18.59116554260254
9758,18.52107048034668
9759,18.45097541809082
9760,18.37897300720215
9761,18.323898315429688
9762,18.251895904541016
9763,18.180131912231445
9764,18.121957778930664
9765,18.10884475708008
9766,17.95792579650879
9767,17.98701286315918
9768,17.889022827148438
9769,17.831087112426758
9770,17.75383949279785
9771,17.705917358398438
9772,17.616987228393555
9773,17.568111419677734
9774,17.503976821899414
9775,17.428159713745117
9776,17.35711097717285
9777,17.347097396850586
9778,17.20285415649414
9779,17.20285415649414
9780,17.14611053466797
9781,17.055034637451172
9782,16.981124877929688
9783,16.93415641784668
9784,16.95704460144043
9785,16.79396629333496
9786,16.7081356048584
9787,16.635894775390625
9788,16.587018966674805
9789,16.588926315307617
9790,16.448020935058594
9791,16.456127166748047
9792,16.39413833618164
9793,16.30091667175293
9794,16.24011993408203
9795,16.19100570678711
9796,21.1489200592041
9797,21.02184295654297
9798,21.01588249206543
9799,20.941972732543945
9800,20.85590362548828
9801,20.7979679107666
9802,20.735979080200195
9803,20.668983459472656
9804,20.58911323547364
9805,20.535945892333984
9806,20.51997184753418
9807,20.377159118652344
9808,20.38002014160156
9809,20.3249454498291
9810,20.251035690307617
9811,20.16901969909668
9812,20.1101303100586
9813,20.02096176147461
9814,19.97590065002441
9815,19.92392539978028
9816,19.841909408569336
9817,19.758939743041992
9818,19.681930541992188
9819,19.605159759521484
9820,19.611835479736328
9821,19.470930099487305
9822,19.488096237182617
9823,19.34599876403809
9824,19.33884620666504
9825,19.27804946899414
9826,19.208908081054688
9827,19.12784576416016
9828,19.07491683959961
9829,18.996000289916992
9830,18.9208984375
9831,18.85199546813965
9832,18.85318756103516
9833,18.73183250427246
9834,18.7070369720459
9835,18.63408088684082
9836,18.571853637695312
9837,18.505096435546875
9838,18.4478759765625
9839,18.38397979736328
9840,18.293142318725582
9841,18.24212074279785
9842,18.14603805541992
9843,18.098115921020508
9844,18.10884475708008
9845,17.952919006347656
9846,17.961978912353516
9847,17.88496971130371
9848,17.81296730041504
9849,17.735958099365234
9850,17.674922943115234
9851,17.628908157348633
9852,17.53997802734375
9853,17.486095428466797
9854,17.42410659790039
9855,17.348051071166992
9856,17.333984375
9857,17.210960388183594
9858,17.19188690185547
9859,17.123937606811523
9860,17.065048217773438
9861,17.016887664794922
9862,16.924142837524414
9863,16.865015029907227
9864,16.795873641967773
9865,16.73293113708496
9866,16.656160354614258
9867,16.59703254699707
9868,16.544103622436523
9869,16.460180282592773
9870,16.475915908813477
9871,16.35289192199707
9872,16.349077224731445
9873,16.26300811767578
9874,21.1639404296875
9875,21.16703987121582
9876,21.028995513916016
9877,21.01993560791016
9878,20.951032638549805
9879,20.87020874023437
9880,20.823001861572266
9881,20.72906494140625
9882,20.65300941467285
9883,20.59197425842285
9884,20.54095268249512
9885,20.557165145874023
9886,20.39504051208496
9887,20.39790153503418
9888,20.30801773071289
9889,20.244121551513672
9890,20.191192626953125
9891,20.11895179748535
9892,20.022869110107425
9893,19.999027252197266
9894,19.9270248413086
9895,19.86098289489746
9896,19.766807556152344
9897,19.748926162719727
9898,19.6990966796875
9899,19.68097686767578
9900,19.517183303833008
9901,19.516944885253903
9902,19.453048706054688
9903,19.36006546020508
9904,19.2868709564209
9905,19.23203468322754
9906,19.147872924804688
9907,19.07205581665039
9908,19.004106521606445
9909,18.993139266967773
9910,18.94402503967285
9911,18.84603500366211
9912,18.79286766052246
9913,18.73397827148437
9914,18.65410804748535
9915,18.59712600708008
9916,18.53609085083008
9917,18.52083206176757
9918,18.37897300720215
9919,18.38397979736328
9920,18.332958221435547
9921,18.25118064880371
9922,18.180131912231445
9923,18.10288429260254
9924,18.100976943969727
9925,17.997026443481445
9926,17.951011657714844
9927,17.900943756103516
9928,17.82083511352539
9929,17.771005630493164
9930,17.705202102661133
9931,17.627954483032227
9932,17.559051513671875
9933,17.518997192382812
9934,17.48490333557129
9935,17.37809181213379
9936,17.343997955322266
9937,17.294883728027344
9938,17.20881462097168
9939,17.08197593688965
9940,17.071008682250977
9941,17.00592041015625
9942,16.932964324951172
9943,16.849040985107422
9944,16.79682731628418
9945,16.720056533813477
9946,16.69001579284668
9947,16.576051712036133
9948,16.560077667236328
9949,16.496896743774414
9950,16.45803451538086
9951,16.362905502319336
9952,16.288042068481445
9953,16.206979751586914
9954,21.183013916015625
9955,21.05903625488281
9956,21.05307579040528
9957,20.956993103027344
9958,20.90001106262207
9959,20.83897590637207
9960,20.764827728271484
9961,20.704030990600582
9962,20.637989044189453
9963,20.55597305297852
9964,20.48301696777344
9965,20.41101455688477
9966,20.41482925415039
9967,20.2789306640625
9968,20.26987075805664
9969,20.19906044006348
9970,20.106077194213867
9971,20.05791664123535
9972,20.008087158203125
9973,19.97590065002441
9974,19.68312263488769
9975,19.63210105895996
9976,19.537925720214844
9977,19.507884979248047
9978,19.427061080932617
9979,19.366025924682617
9980,19.301891326904297
9981,19.214868545532227
9982,19.15287971496582
9983,19.073963165283203
9984,19.09995079040528
9985,18.93305778503418
9986,18.9208984375
9987,18.867969512939453
9988,18.81098747253418
9989,18.73397827148437
9990,18.66698265075684
9991,18.598079681396484
9992,18.52083206176757
9993,18.46194267272949
9994,18.445968627929688
9995,18.30410957336425
9996,18.305063247680664
9997,18.2340145111084
9998,18.18084716796875
9999,18.100976943969727
10000,18.02706718444824
10001,17.95506477355957
10002,17.92311668395996
10003,17.854928970336914
10004,17.789840698242188
10005,17.724990844726562
10006,17.633914947509766
10007,17.585039138793945
10008,17.573118209838867
10009,17.435073852539062
10010,17.461061477661133
10011,17.299890518188477
10012,17.299175262451172
10013,17.230987548828125
10014,17.169952392578125
10015,17.11893081665039
10016,17.0290470123291
10017,16.96491241455078
10018,16.88408851623535
10019,16.804933547973633
10020,16.81208610534668
10021,16.675949096679688
10022,16.669034957885742
10023,16.602039337158203
10024,16.543865203857422
10025,16.460180282592773
10026,16.391992568969727
10027,16.33906364440918
10028,16.277074813842773
10029,21.23403549194336
10030,21.17013931274414
10031,21.098852157592773
10032,21.03400230407715
10033,20.96390724182129
10034,20.905017852783203
10035,20.83706855773925
10036,20.756006240844727
10037,20.67899703979492
10038,20.613908767700195
10039,20.627975463867188
10040,20.46489715576172
10041,20.4617977142334
10042,20.4010009765625
10043,20.32184600830078
10044,20.245790481567383
10045,20.190000534057617
10046,20.153045654296875
10047,20.056962966918945
10048,19.97995376586914
10049,19.91605758666992
10050,19.84214782714844
10051,19.83499526977539
10052,19.71912384033203
10053,19.706010818481445
10054,19.644975662231445
10055,19.54483985900879
10056,19.47498321533203
10057,19.42110061645508
10058,19.34814453125
10059,19.320964813232425
10060,19.208908081054688
10061,19.186973571777344
10062,19.11592483520508
10063,19.04606819152832
10064,18.97001266479492
10065,18.91493797302246
10066,18.85294914245605
10067,18.78809928894043
10068,18.7380313873291
10069,18.690824508666992
10070,18.61095428466797
10071,18.51415634155273
10072,18.46194267272949
10073,18.35298538208008
10074,18.313884735107425
10075,18.320083618164062
10076,18.20707321166992
10077,18.13483238220215
10078,18.103837966918945
10079,18.01586151123047
10080,17.947912216186523
10081,17.904996871948242
10082,17.827987670898438
10083,17.843961715698242
10084,17.6849365234375
10085,17.681121826171875
10086,17.625093460083008
10087,17.53520965576172
10088,17.464876174926758
10089,17.388105392456055
10090,17.320871353149414
10091,17.25292205810547
10092,17.187833786010742
10093,17.123937606811523
10094,17.0590877532959
10095,17.040014266967773
10096,16.948938369750977
10097,16.911983489990234
10098,16.77703857421875
10099,16.726970672607422
10100,16.644954681396484
10101,16.642093658447266
10102,16.522884368896484
10103,16.530990600585938
10104,16.464948654174805
10105,16.38317108154297
10106,16.309022903442383
10107,16.228914260864258
10108,21.218061447143555
10109,21.14295959472656
10110,21.08097076416016
10111,20.99895477294922
10112,20.940065383911133
10113,20.88308334350586
10114,20.80512046813965
10115,20.72715759277344
10116,20.732879638671875
10117,20.581960678100582
10118,20.579099655151367
10119,20.51091194152832
10120,20.43318748474121
10121,20.35784721374512
10122,20.32089233398437
10123,20.23601531982422
10124,20.172119140625
10125,20.122051239013672
10126,20.05195617675781
10127,19.96612548828125
10128,19.92082595825196
10129,19.843101501464844
10130,19.83904838562012
10131,19.697904586791992
10132,19.693851470947266
10133,19.61207389831543
10134,19.541025161743164
10135,19.49501037597656
10136,19.42896842956543
10137,19.35005187988281
10138,19.264936447143555
10139,19.196033477783203
10140,19.192934036254883
10141,19.057035446166992
10142,19.049882888793945
10143,19.010066986083984
10144,18.930912017822266
10145,18.85700225830078
10146,18.799781799316406
10147,18.75591278076172
10148,18.658876419067383
10149,18.58305931091309
10150,18.496036529541016
10151,18.43404769897461
10152,18.440961837768555
10153,18.30911636352539
10154,18.294811248779297
10155,18.24498176574707
10156,18.165111541748047
10157,18.077850341796875
10158,18.04494857788086
10159,17.963886260986328
10160,17.904996871948242
10161,17.876148223876953
10162,17.74883270263672
10163,17.747879028320312
10164,17.68183708190918
10165,17.614126205444336
10166,17.538070678710938
10167,17.518997192382812
10168,17.37499237060547
10169,17.340898513793945
10170,17.25602149963379
10171,17.261028289794922
10172,17.114877700805664
10173,17.126083374023438
10174,16.9980525970459
10175,16.99090003967285
10176,16.9219970703125
10177,16.83497428894043
10178,16.766071319580078
10179,16.70694351196289
10180,16.642093658447266
10181,16.576051712036133
10182,16.501903533935547
10183,16.453027725219727
10184,16.38507843017578
10185,16.417980194091797
10186,16.273975372314453
10187,16.24584197998047
10188,21.16703987121582
10189,21.08979225158692
10190,21.02804183959961
10191,21.00086212158203
10192,20.911216735839844
10193,20.850181579589844
10194,20.758867263793945
10195,20.68400382995605
10196,20.615816116333008
10197,20.63584327697754
10198,20.48778533935547
10199,20.4770565032959
10200,20.388126373291016
10201,20.366907119750977
10202,20.28393745422364
10203,20.215988159179688
10204,20.14303207397461
10205,20.071983337402344
10206,20.071983337402344
10207,19.932031631469727
10208,19.92583274841309
10209,19.849061965942383
10210,19.767045974731445
10211,19.703149795532227
10212,19.63496208190918
10213,19.59395408630371
10214,19.498825073242188
10215,19.443988800048828
10216,19.395112991333008
10217,19.330978393554688
10218,19.31190490722656
10219,19.181013107299805
10220,19.171953201293945
10221,19.10686492919922
10222,19.012928009033203
10223,18.976926803588867
10224,18.9058780670166
10225,18.815040588378903
10226,18.756866455078125
10227,18.698930740356445
10228,18.627166748046875
10229,18.56708526611328
10230,18.55111122131348
10231,18.412113189697266
10232,18.41115951538086
10233,18.342018127441406
10234,18.275022506713867
10235,18.193960189819336
10236,18.12386512756348
10237,18.08810234069824
10238,18.037080764770508
10239,17.940044403076172
10240,17.877817153930664
10241,17.79794692993164
10242,17.805099487304688
10243,17.64702796936035
10244,17.663002014160156
10245,17.616987228393555
10246,17.528057098388672
10247,17.473936080932617
10248,17.377138137817383
10249,17.306089401245117
10250,17.322063446044922
10251,17.180919647216797
10252,17.202138900756836
10253,17.116069793701172
10254,17.017126083374023
10255,16.949892044067383
10256,16.915082931518555
10257,16.841888427734375
10258,16.7849063873291
10259,16.69597625732422
10260,16.622066497802734
10261,16.564130783081055
10262,16.498088836669922
10263,16.42298698425293
10264,16.422033309936523
10265,16.2811279296875
10266,16.312122344970703
10267,21.20494842529297
10268,21.129131317138672
10269,21.08597755432129
10270,21.06785774230957
10271,21.038055419921875
10272,20.87998390197754
10273,20.853042602539062
10274,20.80297470092773
10275,20.68400382995605
10276,20.64204216003418
10277,20.576953887939453
10278,20.5078125
10279,20.44010162353516
10280,20.36094665527344
10281,20.370006561279297
10282,20.21503448486328
10283,20.19691467285156
10284,20.154953002929688
10285,20.1101303100586
10286,20.03812789916992
10287,19.9739933013916
10288,19.875049591064453
10289,19.82998847961425
10290,19.776105880737305
10291,19.696950912475582
10292,19.63019371032715
10293,19.607067108154297
10294,19.5009708404541
10295,19.49501037597656
10296,19.395112991333008
10297,21.865129470825195
10298,19.301891326904297
10299,19.23799514770508
10300,19.16790008544922
10301,19.10400390625
10302,19.01698112487793
10303,18.948793411254883
10304,18.902063369750977
10305,18.860816955566406
10306,18.771886825561523
10307,18.77117156982422
10308,18.62812042236328
10309,18.620967864990234
10310,18.52297782897949
10311,18.47100257873535
10312,18.40496063232422
10313,18.35799217224121
10314,18.2790756225586
10315,18.20588111877441
10316,18.125057220458984
10317,18.08500289916992
10318,17.998933792114258
10319,18.00704002380371
10320,17.86184310913086
10321,17.862796783447266
10322,17.783164978027344
10323,17.70615577697754
10324,17.66204833984375
10325,17.615079879760742
10326,17.52185821533203
10327,17.470121383666992
10328,17.3799991607666
10329,17.316102981567383
10330,17.24386215209961
10331,17.232894897460938
10332,17.122983932495117
10333,17.099857330322266
10334,17.02284812927246
10335,16.957998275756836
10336,16.88408851623535
10337,16.826868057250977
10338,16.72196388244629
10339,16.68405532836914
10340,16.65782928466797
10341,16.6170597076416
10342,16.468048095703125
10343,16.4639949798584
10344,16.391992568969727
10345,16.335010528564453
10346,16.27206802368164
10347,21.191835403442383
10348,21.17204666137696
10349,21.04496955871582
10350,21.028995513916016
10351,20.96700668334961
10352,20.893096923828125
10353,20.83611488342285
10354,20.746946334838867
10355,20.68305015563965
10356,20.61605453491211
10357,20.535945892333984
10358,20.46799659729004
10359,20.41101455688477
10360,20.41292190551757
10361,20.25699615478516
10362,20.29895782470703
10363,20.130157470703125
10364,20.126819610595703
10365,20.084142684936523
10366,19.968032836914062
10367,19.913196563720703
10368,19.83499526977539
10369,19.773006439208984
10370,19.705772399902344
10371,19.63496208190918
10372,19.64092254638672
10373,19.5009708404541
10374,19.501924514770508
10375,19.35291290283203
10376,19.36197280883789
10377,19.2868709564209
10378,19.207000732421875
10379,19.15597915649414
10380,19.07205581665039
10381,18.99409294128418
10382,18.98407936096192
10383,18.85700225830078
10384,18.84913444519043
10385,18.723011016845703
10386,18.784046173095703
10387,18.604040145874023
10388,18.589019775390625
10389,18.54681968688965
10390,18.440961837768555
10391,18.397092819213867
10392,18.316030502319336
10393,18.265962600708008
10394,18.21303367614746
10395,18.12005043029785
10396,18.085956573486328
10397,18.06187629699707
10398,18.004894256591797
10399,17.919063568115234
10400,17.852067947387695
10401,17.8070068359375
10402,17.71402359008789
10403,17.731904983520508
10404,17.575979232788086
10405,17.580032348632812
10406,17.506122589111328
10407,17.431974411010742
10408,17.35997200012207
10409,17.333984375
10410,17.251014709472656
10411,17.161846160888672
10412,17.10796356201172
10413,17.04692840576172
10414,16.981840133666992
10415,16.897916793823242
10416,16.830921173095703
10417,16.785860061645508
10418,16.71910285949707
10419,16.698122024536133
10420,16.64590835571289
10421,16.549110412597656
10422,16.47782325744629
10423,16.404151916503906
10424,16.340017318725586
10425,16.282081604003906
10426,16.206026077270508
10427,21.19302749633789
10428,21.121978759765625
10429,21.05188369750977
10430,20.915985107421875
10431,20.917177200317383
10432,20.838022232055664
10433,20.768165588378903
10434,20.708799362182617
10435,20.634174346923828
10436,20.55501937866211
10437,20.554065704345703
10438,20.444869995117188
10439,20.4160213470459
10440,20.28989791870117
10441,20.325899124145508
10442,20.23792266845703
10443,20.151853561401367
10444,20.11394500732422
10445,20.016908645629883
10446,20.01309394836425
10447,19.866943359375
10448,19.861936569213867
10449,19.80209350585937
10450,19.758939743041992
10451,19.60015296936035
10452,19.6230411529541
10453,19.53887939453125
10454,19.47903633117676
10455,19.40202713012696
10456,19.33884620666504
10457,19.305944442749023
10458,19.27518844604492
10459,19.093036651611328
10460,19.084930419921875
10461,19.02008056640625
10462,19.00887489318848
10463,18.882036209106445
10464,18.864154815673828
10465,18.800020217895508
10466,18.741130828857425
10467,18.659114837646484
10468,18.597841262817383
10469,18.533945083618164
10470,18.66483688354492
10471,18.481969833374023
10472,18.38898658752441
10473,18.33796501159668
10474,18.268823623657227
10475,18.19896697998047
10476,18.13507080078125
10477,18.05901527404785
10478,17.99607276916504
10479,17.932891845703125
10480,17.879009246826172
10481,17.7919864654541
10482,17.734050750732422
10483,17.657041549682617
10484,17.665863037109375
10485,17.518043518066406
10486,17.529010772705078
10487,17.41504669189453
10488,17.422914505004883
10489,17.33708381652832
10490,17.266035079956055
10491,17.17400550842285
10492,17.117977142333984
10493,17.052173614501953
10494,16.973018646240234
10495,16.917943954467773
10496,16.856908798217773
10497,16.782045364379883
10498,16.79205894470215
10499,16.655921936035156
10500,16.649961471557617
10501,16.53003692626953
10502,16.499042510986328
10503,16.429901123046875
10504,16.375064849853516
10505,16.29495620727539
10506,16.234874725341797
10507,21.213054656982425
10508,21.129131317138672
10509,21.05998992919922
10510,21.007061004638672
10511,20.92719078063965
10512,20.83992958068848
10513,20.814180374145508
10514,20.74790000915528
10515,20.74003219604492
10516,20.576953887939453
10517,20.56503295898437
10518,20.489931106567383
10519,20.509004592895508
10520,20.33209800720215
10521,20.34282684326172
10522,20.27297019958496
10523,20.23601531982422
10524,20.16305923461914
10525,20.084857940673828
10526,19.98305320739746
10527,20.016908645629883
10528,19.85001564025879
10529,19.85406875610352
10530,19.763946533203125
10531,19.746065139770508
10532,19.64902877807617
10533,19.580841064453125
10534,19.49596405029297
10535,19.423961639404297
10536,19.37294006347656
10537,19.288063049316406
10538,19.208908081054688
10539,19.208192825317383
10540,19.0730094909668
10541,19.06108856201172
10542,19.01388168334961
10543,18.937110900878903
10544,18.866777420043945
10545,18.78809928894043
10546,18.717050552368164
10547,18.661975860595703
10548,18.630027770996094
10549,18.58210563659668
10550,18.500089645385746
10551,18.491029739379883
10552,18.359899520874023
10553,18.37301254272461
10554,18.24307441711425
10555,18.24307441711425
10556,18.15986633300781
10557,18.09000968933105
10558,18.0051326751709
10559,17.93694496154785
10560,17.88496971130371
10561,17.828941345214844
10562,17.785072326660156
10563,17.766952514648438
10564,17.647981643676758
10565,17.65298843383789
10566,17.574071884155273
10567,17.509937286376953
10568,17.453908920288086
10569,17.40407943725586
10570,17.320871353149414
10571,17.31109619140625
10572,17.197847366333008
10573,17.145872116088867
10574,17.052888870239258
10575,17.059803009033203
10576,16.9219970703125
10577,16.956090927124023
10578,16.80898666381836
10579,16.8149471282959
10580,16.71290397644043
10581,16.66998863220215
10582,16.576051712036133
10583,16.509056091308594
10584,16.459941864013672
10585,16.405105590820312
10586,16.32404327392578
10587,16.32094383239746
10588,16.227006912231445
10589,21.18802070617676
10590,21.11101150512696
10591,21.07381820678711
10592,20.982027053833008
10593,20.943164825439453
10594,20.899057388305664
10595,20.780086517333984
10596,20.78700065612793
10597,20.709991455078125
10598,20.624876022338867
10599,20.550012588500977
10600,20.4927921295166
10601,20.42508125305176
10602,20.35999298095703
10603,20.279884338378903
10604,20.21312713623047
10605,20.128965377807617
10606,20.130157470703125
10607,20.00284194946289
10608,20.01309394836425
10609,19.936084747314453
10610,19.85001564025879
10611,19.80900764465332
10612,19.72508430480957
10613,19.67000961303711
10614,19.58894729614257
10615,19.52409744262696
10616,19.44708824157715
10617,19.41204071044922
10618,19.387006759643555
10619,19.24586296081543
10620,19.229888916015625
10621,19.1800594329834
10622,19.1030502319336
10623,19.03510093688965
10624,18.976926803588867
10625,18.92304420471192
10626,18.829822540283203
10627,18.774986267089844
10628,18.769025802612305
10629,18.64790916442871
10630,18.62502098083496
10631,18.56708526611328
10632,18.498897552490234
10633,18.43404769897461
10634,18.34893226623535
10635,18.28598976135254
10636,18.21613311767578
10637,18.201828002929688
10638,18.077850341796875
10639,18.067121505737305
10640,18.0051326751709
10641,17.939090728759766
10642,17.84205436706543
10643,17.81010627746582
10644,17.712116241455078
10645,17.6849365234375
10646,17.625093460083008
10647,17.599105834960938
10648,17.460107803344727
10649,17.410993576049805
10650,17.334938049316406
10651,17.32492446899414
10652,17.20881462097168
10653,17.217159271240234
10654,17.13705062866211
10655,17.04692840576172
10656,16.978979110717773
10657,16.898155212402344
10658,16.824960708618164
10659,16.83497428894043
10660,16.692161560058594
10661,16.689777374267578
10662,16.618967056274414
10663,16.5560245513916
10664,16.467809677124023
10665,16.398191452026367
10666,16.33286476135254
10667,16.25514030456543
10668,16.20006561279297
10669,21.12007141113281
10670,21.08097076416016
10671,21.070003509521484
10672,20.960092544555664
10673,20.93291282653809
10674,20.79010009765625
10675,20.787954330444336
10676,20.713090896606445
10677,20.64180374145508
10678,20.580053329467773
10679,20.50304412841797
10680,20.457029342651367
10681,20.394086837768555
10682,20.31803131103516
10683,20.25008201599121
10684,20.23506164550781
10685,20.164012908935547
10686,20.102977752685547
10687,20.04003524780273
10688,19.967079162597656
10689,19.91486549377441
10690,19.845962524414062
10691,19.77801322937012
10692,19.779205322265625
10693,19.632816314697266
10694,19.60611343383789
10695,19.55413818359375
10696,19.49000358581543
10697,19.41990852355957
10698,19.36006546020508
10699,19.27399635314941
10700,19.263029098510746
10701,19.14691925048828
10702,19.083023071289062
10703,19.04606819152832
10704,19.0122127532959
10705,18.87202262878418
10706,18.871068954467773
10707,18.79405975341797
10708,18.73087882995605
10709,18.652915954589844
10710,18.576860427856445
10711,18.50295066833496
10712,18.429994583129883
10713,18.36705207824707
10714,18.311023712158203
10715,18.2490348815918
10716,18.232107162475582
10717,18.10312271118164
10718,18.10002326965332
10719,17.97795295715332
10720,17.96889305114746
10721,17.914772033691406
10722,17.86494255065918
10723,17.796993255615234
10724,17.71688461303711
10725,17.644882202148438
10726,17.59791374206543
10727,17.53520965576172
10728,17.522811889648438
10729,17.442941665649414
10730,17.405033111572266
10731,17.234086990356445
10732,17.241954803466797
10733,17.176151275634766
10734,17.077922821044922
10735,17.019033432006836
10736,16.9370174407959
10737,16.893863677978516
10738,16.798973083496094
10739,16.72506332397461
10740,16.72506332397461
10741,16.68095588684082
10742,16.585826873779297
10743,16.514062881469727
10744,16.438961029052734
10745,16.38197898864746
10746,16.34693145751953
10747,16.247034072875977
10748,16.212940216064453
10749,21.17180824279785
10750,21.090030670166016
10751,20.999908447265625
10752,20.94078063964844
10753,20.88308334350586
10754,20.81608772277832
10755,20.74503898620605
10756,20.68114280700684
10757,20.60985565185547
10758,20.55692672729492
10759,20.54405212402344
10760,20.488977432250977
10761,20.390987396240234
10762,20.327091217041016
10763,20.269155502319336
10764,20.183086395263672
10765,20.11895179748535
10766,20.05600929260254
10767,20.04885673522949
10768,19.906044006347656
10769,19.897937774658203
10770,19.82879638671875
10771,19.752979278564453
10772,19.685029983520508
10773,19.633054733276367
10774,19.542932510375977
10775,19.486188888549805
10776,19.440889358520508
10777,19.422054290771484
10778,19.28901672363281
10779,19.29593086242676
10780,19.21987533569336
10781,19.145965576171875
10782,19.060134887695312
10783,19.00315284729004
10784,18.929004669189453
10785,18.936872482299805
10786,18.815040588378903
10787,18.796920776367188
10788,18.73993873596192
10789,18.64194869995117
10790,18.60499382019043
10791,18.557071685791016
10792,18.48387718200684
10793,18.40996742248535
10794,18.33987236022949
10795,18.275022506713867
10796,18.18513870239257
10797,18.18704605102539
10798,18.045902252197266
10799,18.043994903564453
10800,17.963886260986328
10801,17.714977264404297
10802,17.64202117919922
10803,17.580032348632812
10804,17.496109008789062
10805,17.431020736694336
10806,17.42720603942871
10807,17.290830612182617
10808,17.278194427490234
10809,17.225980758666992
10810,17.152070999145508
10811,17.07005500793457
10812,17.010927200317383
10813,16.94202423095703
10814,16.86382293701172
10815,16.826868057250977
10816,16.742944717407227
10817,16.691923141479492
10818,16.66712760925293
10819,16.52693748474121
10820,16.534090042114258
10821,16.455888748168945
10822,16.383886337280273
10823,16.32213592529297
10824,16.246795654296875
10825,16.25514030456543
10826,21.149873733520508
10827,21.08120918273925
10828,21.034955978393555
10829,20.944833755493164
10830,20.87998390197754
10831,20.81513404846192
10832,20.74193954467773
10833,20.69306373596192
10834,20.60699462890625
10835,20.64204216003418
10836,20.487070083618164
10837,20.49803733825684
10838,20.374059677124023
10839,20.358800888061523
10840,20.28417587280273
10841,20.19786834716797
10842,20.125865936279297
10843,20.04694938659668
10844,19.9880599975586
10845,19.944190979003903
10846,19.87481117248535
10847,19.85812187194824
10848,19.781827926635746
10849,19.711971282958984
10850,19.59991455078125
10851,19.58489418029785
10852,19.5310115814209
10853,19.45209503173828
10854,19.366979598999023
10855,19.288063049316406
10856,19.22082901000977
10857,19.15597915649414
10858,19.0730094909668
10859,19.065141677856445
10860,18.927812576293945
10861,18.959999084472656
10862,18.802165985107425
10863,18.811941146850582
10864,18.73707771301269
10865,18.68295669555664
10866,18.604040145874023
10867,18.535852432250977
10868,18.48602294921875
10869,18.435001373291016
10870,18.383026123046875
10871,18.294095993041992
10872,18.219947814941406
10873,18.188953399658203
10874,18.13197135925293
10875,18.045902252197266
10876,17.980098724365234
10877,17.901182174682617
10878,17.921924591064453
10879,17.79913902282715
10880,17.781972885131836
10881,17.705917358398438
10882,17.6849365234375
10883,17.47298240661621
10884,17.503023147583008
10885,17.45891571044922
10886,17.366886138916016
10887,17.30799674987793
10888,17.27294921875
10889,17.188072204589844
10890,17.14301109313965
10891,17.042875289916992
10892,16.98589324951172
10893,16.9069766998291
10894,16.894102096557617
10895,16.8149471282959
10896,16.746997833251953
10897,16.6928768157959
10898,16.629934310913086
10899,16.594886779785156
10900,16.51906967163086
10901,16.433000564575195
10902,16.38197898864746
10903,16.30687713623047
10904,16.267061233520508
10905,21.17705345153809
10906,21.14295959472656
10907,21.088123321533203
10908,21.00396156311035
10909,20.93386650085449
10910,20.89095115661621
10911,20.784854888916016
10912,20.788908004760746
10913,20.647048950195312
10914,20.642995834350582
10915,20.56097984313965
10916,20.471811294555664
10917,20.40910720825196
10918,20.36404609680176
10919,20.272016525268555
10920,20.205974578857425
10921,20.210981369018555
10922,20.14899253845215
10923,20.083904266357425
10924,20.01786231994629
10925,19.937992095947266
10926,19.88697052001953
10927,19.815921783447266
10928,19.73104476928711
10929,19.66094970703125
10930,19.60301399230957
10931,19.55509185791016
10932,19.46091651916504
10933,19.484996795654297
10934,19.34504508972168
10935,19.34504508972168
10936,19.269943237304688
10937,19.199848175048828
10938,19.1340446472168
10939,19.06108856201172
10940,18.989086151123047
10941,18.91708374023437
10942,18.864870071411133
10943,18.85294914245605
10944,18.70894432067871
10945,18.756866455078125
10946,18.5849666595459
10947,18.58997344970703
10948,18.533945083618164
10949,18.437862396240234
10950,18.35799217224121
10951,18.311023712158203
10952,18.23115348815918
10953,18.1570053100586
10954,18.08500289916992
10955,18.10002326965332
10956,17.987966537475586
10957,17.951011657714844
10958,17.88187026977539
10959,17.886877059936523
10960,17.750024795532227
10961,17.74001121520996
10962,17.630815505981445
10963,17.599821090698242
10964,17.524003982543945
10965,17.47298240661621
10966,17.401933670043945
10967,17.343997955322266
10968,17.25316047668457
10969,17.258167266845703
10970,17.127037048339844
10971,17.122983932495117
10972,16.99995994567871
10973,16.978025436401367
10974,16.911983489990234
10975,16.848087310791016
10976,16.77989959716797
10977,16.69907569885254
10978,16.644001007080078
10979,16.61396026611328
10980,16.50691032409668
10981,16.435861587524414
10982,16.40605926513672
10983,16.381025314331055
10984,16.235828399658203
10985,16.219139099121094
10986,21.61407470703125
10987,21.07691764831543
10988,21.06618881225586
10989,20.956993103027344
10990,20.941972732543945
10991,20.884037017822266
10992,20.795106887817383
10993,20.73192596435547
10994,20.66516876220703
10995,20.60508728027344
10996,20.53189277648925
10997,20.463943481445312
10998,20.4470157623291
10999,20.30611038208008
11000,20.31588554382324
11001,20.24507522583008
11002,20.17998695373535
11003,20.05290985107422
11004,20.05219459533692
11005,19.98186111450196
11006,19.886016845703125
11007,19.84882354736328
11008,19.77086067199707
11009,19.714832305908203
11010,19.661903381347656
11011,19.575119018554688
11012,19.57082748413086
11013,19.4699764251709
11014,19.443988800048828
11015,19.3789005279541
11016,19.294023513793945
11017,19.244909286499023
11018,19.1497802734375
11019,19.06991004943848
11020,19.00506019592285
11021,18.936872482299805
11022,18.88608932495117
11023,18.834829330444336
11024,18.79811286926269
11025,18.689870834350582
11026,18.66698265075684
11027,18.576860427856445
11028,18.53203773498535
11029,18.47696304321289
11030,18.420934677124023
11031,18.346071243286133
11032,18.290996551513672
11033,18.22090148925781
11034,18.132925033569336
11035,18.076181411743164
11036,18.064022064208984
11037,17.937183380126953
11038,17.90595054626465
11039,17.849206924438477
11040,17.778873443603516
11041,17.714977264404297
11042,17.633914947509766
11043,17.564058303833008
11044,17.494916915893555
11045,17.46201515197754
11046,17.368078231811523
11047,17.293930053710938
11048,17.31705665588379
11049,17.169952392578125
11050,17.210960388183594
11051,17.095088958740234
11052,17.06218719482422
11053,16.993999481201172
11054,16.90387725830078
11055,16.87312126159668
11056,16.775846481323242
11057,16.722917556762695
11058,16.64590835571289
11059,16.58010482788086
11060,16.51597023010254
11061,16.44301414489746
11062,16.438007354736328
11063,16.30401611328125
11064,16.296863555908203
11065,16.236066818237305
11066,21.136999130249023
11067,21.095991134643555
11068,21.02804183959961
11069,21.030902862548828
11070,20.9500789642334
11071,20.87688446044922
11072,20.80917358398437
11073,20.7369327545166
11074,20.637035369873047
11075,20.60103416442871
11076,20.53213119506836
11077,20.43700218200684
11078,20.389080047607425
11079,20.336151123046875
11080,20.242929458618164
11081,20.24197578430176
11082,20.10202407836914
11083,20.092010498046875
11084,20.00904083251953
11085,19.9580192565918
11086,19.8659896850586
11087,19.805908203125
11088,19.74415779113769
11089,19.6990966796875
11090,19.65785026550293
11091,19.5620059967041
11092,19.48714256286621
11093,19.489049911499023
11094,19.34599876403809
11095,19.340038299560547
11096,19.27018165588379
11097,19.17695999145508
11098,19.14191246032715
11099,19.0889835357666
11100,19.00911331176757
11101,18.894195556640625
11102,18.85199546813965
11103,18.83387565612793
11104,18.68915557861328
11105,18.692970275878903
11106,18.64218711853028
11107,18.57209205627441
11108,18.509864807128903
11109,18.44000816345215
11110,18.36800575256348
11111,18.280982971191406
11112,18.269062042236328
11113,18.197059631347656
11114,18.129825592041016
11115,18.057823181152344
11116,17.976045608520508
11117,17.910003662109375
11118,17.8220272064209
11119,17.779827117919922
11120,17.729997634887695
11121,17.682790756225586
11122,17.59791374206543
11123,17.496824264526367
11124,17.5020694732666
11125,17.41814613342285
11126,17.396926879882812
11127,17.264127731323242
11128,17.253875732421875
11129,17.171859741210938
11130,17.116785049438477
11131,17.045021057128906
11132,16.989946365356445
11133,16.889095306396484
11134,16.828060150146484
11135,16.755104064941406
11136,16.746997833251953
11137,16.621112823486328
11138,16.6318416595459
11139,16.531944274902344
11140,16.471147537231445
11141,16.394853591918945
11142,16.336917877197266
11143,16.26420021057129
11144,16.19696617126465
11145,21.131038665771484
11146,21.11983299255371
11147,20.984888076782227
11148,20.99394798278809
11149,20.854949951171875
11150,20.86496353149414
11151,20.802021026611328
11152,20.725011825561523
11153,20.64204216003418
11154,20.57790756225586
11155,20.50495147705078
11156,20.47896385192871
11157,20.355939865112305
11158,20.325899124145508
11159,20.24698257446289
11160,20.24507522583008
11161,20.16997337341309
11162,20.09797096252441
11163,20.04098892211914
11164,19.99092102050781
11165,19.95110511779785
11166,19.819021224975582
11167,19.81806755065918
11168,19.742965698242188
11169,19.681930541992188
11170,19.56796646118164
11171,19.55103874206543
11172,19.49596405029297
11173,19.40393447875977
11174,19.3471908569336
11175,19.26708221435547
11176,19.20318603515625
11177,19.137859344482425
11178,19.079923629760746
11179,19.06299591064453
11180,18.945932388305664
11181,18.91684532165528
11182,18.863201141357425
11183,18.78690719604492
11184,18.722057342529297
11185,18.657922744750977
11186,18.592119216918945
11187,18.5089111328125
11188,18.45002174377441
11189,18.39804649353028
11190,18.32103729248047
11191,18.34893226623535
11192,18.213987350463867
11193,18.2180404663086
11194,18.13197135925293
11195,18.04494857788086
11196,17.979860305786133
11197,17.9288387298584
11198,17.841815948486328
11199,17.79007911682129
11200,17.73214340209961
11201,17.702102661132812
11202,17.574071884155273
11203,17.555952072143555
11204,17.513036727905273
11205,17.421960830688477
11206,17.354965209960938
11207,17.275094985961914
11208,17.20595359802246
11209,17.184972763061523
11210,17.116069793701172
11211,17.03619956970215
11212,16.95990562438965
11213,16.958951950073242
11214,16.827106475830078
11215,16.826868057250977
11216,16.75105094909668
11217,16.662120819091797
11218,16.60609245300293
11219,16.54982566833496
11220,16.48712158203125
11221,16.41106605529785
11222,16.343116760253906
11223,16.285181045532227
11224,16.2200927734375
11225,21.17705345153809
11226,21.10791206359864
11227,21.041154861450195
11228,20.968914031982425
11229,20.901918411254883
11230,20.889997482299805
11231,20.756006240844727
11232,20.780086517333984
11233,20.667076110839844
11234,20.607948303222656
11235,20.57504653930664
11236,20.505189895629883
11237,20.416975021362305
11238,20.35999298095703
11239,20.267963409423828
11240,20.21312713623047
11241,20.13707160949707
11242,20.11299133300781
11243,20.00594139099121
11244,20.004987716674805
11245,19.942045211791992
11246,19.85692977905273
11247,19.784927368164062
11248,19.722938537597656
11249,19.66094970703125
11250,19.6688175201416
11251,19.522905349731445
11252,19.54197883605957
11253,19.449949264526367
11254,19.40202713012696
11255,19.30785179138184
11256,19.24896240234375
11257,19.19388771057129
11258,19.093036651611328
11259,19.04296875
11260,19.0420150756836
11261,18.91303062438965
11262,18.88608932495117
11263,18.809080123901367
11264,18.72897148132324
11265,18.688201904296875
11266,18.613815307617188
11267,18.53489875793457
11268,18.539905548095703
11269,18.39494705200196
11270,18.40686798095703
11271,18.40400695800781
11272,18.27692985534668
11273,18.22519302368164
11274,18.1269645690918
11275,18.05996894836425
11276,17.982006072998047
11277,17.9140567779541
11278,17.838001251220703
11279,17.771005630493164
11280,17.718076705932617
11281,17.625093460083008
11282,17.66490936279297
11283,17.537832260131836
11284,17.550945281982422
11285,17.466068267822266
11286,17.40407943725586
11287,17.332077026367188
11288,17.262935638427734
11289,17.203092575073242
11290,17.119884490966797
11291,17.082929611206055
11292,17.063140869140625
11293,16.91293716430664
11294,16.90220832824707
11295,16.836881637573242
11296,16.78609848022461
11297,16.724824905395508
11298,16.638994216918945
11299,16.57390594482422
11300,16.53599739074707
11301,16.484975814819336
11302,16.381025314331055
11303,16.373157501220703
11304,16.28899574279785
11305,16.228914260864258
11306,21.14105224609375
11307,21.07787132263184
11308,20.997047424316406
11309,20.92790603637696
11310,20.86877822875977
11311,20.848989486694336
11312,20.71690559387207
11313,20.72405815124512
11314,20.642995834350582
11315,20.56002616882324
11316,20.46513557434082
11317,20.43390274047852
11318,20.396947860717773
11319,20.29204368591309
11320,20.277023315429688
11321,20.205020904541016
11322,20.11299133300781
11323,20.13111114501953
11324,19.984006881713867
11325,19.97709274291992
11326,19.91605758666992
11327,19.84214782714844
11328,19.75703239440918
11329,19.696950912475582
11330,19.61588859558105
11331,19.546031951904297
11332,19.50693130493164
11333,19.442081451416016
11334,19.353151321411133
11335,19.37198638916016
11336,19.22607421875
11337,19.160032272338867
11338,19.09995079040528
11339,19.112110137939453
11340,18.983125686645508
11341,18.97597312927246
11342,18.85104179382324
11343,18.841981887817383
11344,18.759965896606445
11345,18.719911575317383
11346,18.661975860595703
11347,18.566131591796875
11348,18.51987838745117
11349,18.439054489135746
11350,18.379926681518555
11351,18.301963806152344
11352,18.290996551513672
11353,18.198013305664062
11354,18.168926239013672
11355,18.102169036865234
11356,18.052101135253903
11357,17.956972122192383
11358,17.89689064025879
11359,17.844200134277344
11360,17.832040786743164
11361,17.686128616333008
11362,17.6999568939209
11363,17.62700080871582
11364,17.544984817504883
11365,17.467975616455078
11366,17.418861389160156
11367,17.338037490844727
11368,17.27008819580078
11369,17.203807830810547
11370,17.213106155395508
11371,17.069101333618164
11372,17.047882080078125
11373,17.004013061523438
11374,16.946077346801758
11375,16.876935958862305
11376,16.803979873657227
11377,16.744136810302734
11378,16.649961471557617
11379,16.605138778686523
11380,16.540050506591797
11381,16.490936279296875
11382,16.47806167602539
11383,16.332149505615234
11384,16.33477210998535
11385,16.256093978881836
11386,16.21103286743164
11387,21.100997924804688
11388,21.0418701171875
11389,20.962953567504883
11390,20.949840545654297
11391,20.80297470092773
11392,20.82085609436035
11393,20.756959915161133
11394,20.702123641967773
11395,20.64204216003418
11396,20.552873611450195
11397,20.48015594482422
11398,20.43890953063965
11399,20.4160213470459
11400,20.267963409423828
11401,20.25914192199707
11402,20.19691467285156
11403,20.117998123168945
11404,20.04694938659668
11405,19.97208595275879
11406,19.88697052001953
11407,19.844770431518555
11408,19.776105880737305
11409,19.779205322265625
11410,19.635915756225582
11411,19.572973251342773
11412,19.52195167541504
11413,19.514083862304688
11414,19.36483383178711
11415,19.35410499572754
11416,19.28901672363281
11417,19.22297477722168
11418,19.142866134643555
11419,19.07801628112793
11420,19.002914428710938
11421,18.998146057128903
11422,18.876075744628903
11423,18.891096115112305
11424,18.796205520629883
11425,18.719911575317383
11426,18.661022186279297
11427,18.57805252075196
11428,18.49818229675293
11429,18.44000816345215
11430,18.39995384216309
11431,18.30601692199707
11432,18.24307441711425
11433,18.22781562805176
11434,18.110990524291992
11435,18.04804801940918
11436,17.99917221069336
11437,17.99488067626953
11438,17.850875854492188
11439,17.867088317871094
11440,17.766952514648438
11441,17.71688461303711
11442,17.69709587097168
11443,17.57192611694336
11444,17.534971237182617
11445,17.472028732299805
11446,17.379045486450195
11447,17.309904098510742
11448,17.25006103515625
11449,17.25482940673828
11450,17.1051025390625
11451,17.109155654907227
11452,17.054080963134766
11453,16.96300506591797
11454,16.89910888671875
11455,16.82591438293457
11456,16.772031784057617
11457,16.672849655151367
11458,16.679048538208008
11459,16.579866409301758
11460,16.50094985961914
11461,16.49785041809082
11462,16.35909080505371
11463,16.35003089904785
11464,16.29185676574707
11465,16.201019287109375
11466,21.183013916015625
11467,21.061182022094727
11468,21.04783058166504
11469,20.960092544555664
11470,20.907878875732425
11471,20.832061767578125
11472,20.84183692932129
11473,20.721912384033203
11474,20.6599235534668
11475,20.55692672729492
11476,20.49899101257324
11477,20.43795585632324
11478,20.42698860168457
11479,20.294904708862305
11480,20.28489112854004
11481,20.20096778869629
11482,20.106077194213867
11483,20.05600929260254
11484,19.97590065002441
11485,19.93107795715332
11486,19.92106437683105
11487,19.819974899291992
11488,19.78588104248047
11489,19.72222328186035
11490,19.669055938720703
11491,19.501209259033203
11492,19.498825073242188
11493,19.46401596069336
11494,19.38319206237793
11495,19.29306983947754
11496,19.237041473388672
11497,19.16098594665528
11498,19.16193962097168
11499,19.03319358825684
11500,19.026994705200195
11501,18.94092559814453
11502,18.86582374572754
11503,18.82290840148925
11504,18.774986267089844
11505,18.68915557861328
11506,18.63598823547364
11507,18.566131591796875
11508,18.48483085632324
11509,18.42808723449707
11510,18.344879150390625
11511,18.275022506713867
11512,18.27001571655273
11513,18.13006401062012
11514,18.110990524291992
11515,18.06902885437012
11516,17.979860305786133
11517,17.898082733154297
11518,17.843961715698242
11519,17.76909828186035
11520,17.73810386657715
11521,17.64392852783203
11522,17.672061920166016
11523,17.510175704956055
11524,17.51995086669922
11525,17.452001571655273
11526,17.380952835083008
11527,17.318010330200195
11528,17.24410057067871
11529,17.160892486572266
11530,17.100095748901367
11531,17.030954360961914
11532,16.95990562438965
11533,16.915082931518555
11534,16.83807373046875
11535,16.75891876220703
11536,16.70694351196289
11537,16.628026962280273
11538,16.566038131713867
11539,16.511917114257812
11540,16.50404930114746
11541,16.430139541625977
11542,16.366004943847656
11543,16.30091667175293
11544,16.230106353759766
11545,21.23594284057617
11546,21.129131317138672
11547,21.08287811279297
11548,21.00491523742676
11549,20.93291282653809
11550,20.85399627685547
11551,20.788908004760746
11552,20.726919174194336
11553,20.71499824523925
11554,20.60198783874512
11555,20.50614356994629
11556,20.468950271606445
11557,20.46489715576172
11558,20.394086837768555
11559,20.309925079345703
11560,20.270109176635746
11561,20.20192146301269
11562,20.11299133300781
11563,20.04289627075196
11564,19.97900009155273
11565,19.891977310180664
11566,19.845008850097656
11567,19.83499526977539
11568,19.69289779663086
11569,19.678831100463867
11570,19.59991455078125
11571,19.537925720214844
11572,19.48094367980957
11573,19.40488815307617
11574,19.3479061126709
11575,19.27018165588379
11576,19.214868545532227
11577,19.12689208984375
11578,19.078969955444336
11579,19.07610893249512
11580,18.922090530395508
11581,18.935203552246094
11582,18.86296272277832
11583,18.821001052856445
11584,18.76306533813477
11585,18.681049346923828
11586,18.60189437866211
11587,18.54085922241211
11588,18.46599578857422
11589,18.4171199798584
11590,18.41592788696289
11591,18.28908920288086
11592,18.2950496673584
11593,18.227100372314453
11594,18.156051635742188
11595,18.08309555053711
11596,18.014907836914062
11597,17.928123474121094
11598,17.84491539001465
11599,17.78697967529297
11600,17.758846282958984
11601,17.652034759521484
11602,17.63606071472168
11603,17.56000518798828
11604,17.51112937927246
11605,17.46201515197754
11606,17.384052276611328
11607,17.323970794677734
11608,17.234086990356445
11609,17.16303825378418
11610,17.083168029785156
11611,17.004013061523438
11612,17.0290470123291
11613,16.885042190551758
11614,16.889095306396484
11615,16.80302619934082
11616,16.749143600463867
11617,16.664981842041016
11618,16.61086082458496
11619,16.546964645385742
11620,16.464948654174805
11621,16.389131546020508
11622,16.337156295776367
11623,16.264915466308594
11624,16.251087188720703
11625,21.17490768432617
11626,21.107196807861328
11627,21.014928817749023
11628,20.94697952270508
11629,20.87998390197754
11630,20.86806297302246
11631,20.74503898620605
11632,20.72596549987793
11633,20.65300941467285
11634,20.5988883972168
11635,20.557880401611328
11636,20.46704292297364
11637,20.39623260498047
11638,20.328998565673828
11639,20.333051681518555
11640,20.23482322692871
11641,20.17092704772949
11642,20.10703086853028
11643,20.03788948059082
11644,19.964933395385746
11645,19.889116287231445
11646,19.81806755065918
11647,19.82998847961425
11648,19.67692375183105
11649,19.68312263488769
11650,19.61588859558105
11651,19.54507827758789
11652,19.49310302734375
11653,19.41704750061035
11654,19.32692527770996
11655,19.270896911621094
11656,19.20604705810547
11657,19.138097763061523
11658,19.05488967895508
11659,19.064903259277344
11660,18.9509391784668
11661,18.958091735839844
11662,18.85390281677246
11663,18.80192756652832
11664,18.693923950195312
11665,18.637895584106445
11666,18.57900619506836
11667,18.557071685791016
11668,18.42188835144043
11669,18.419981002807617
11670,18.297910690307617
11671,18.342018127441406
11672,18.269062042236328
11673,18.226146697998047
11674,18.1269645690918
11675,18.064022064208984
11676,17.98105239868164
11677,17.935991287231445
11678,17.833948135375977
11679,17.837047576904297
11680,17.68803596496582
11681,17.757177352905273
11682,17.577171325683594
11683,17.575979232788086
11684,17.5018310546875
11685,17.436981201171875
11686,17.354965209960938
11687,17.321109771728516
11688,17.234086990356445
11689,17.22884178161621
11690,17.111778259277344
11691,17.071008682250977
11692,16.969919204711914
11693,16.987085342407227
11694,16.842126846313477
11695,16.835927963256836
11696,16.777992248535156
11697,16.71910285949707
11698,16.63804054260254
11699,16.57891273498535
11700,16.479969024658203
11701,16.433000564575195
11702,16.3419246673584
11703,16.284942626953125
11704,16.24298095703125
11705,21.20089530944824
11706,21.11506462097168
11707,21.028995513916016
11708,20.99299430847168
11709,20.90287208557129
11710,20.91193199157715
11711,20.765066146850582
11712,20.751953125
11713,20.685911178588867
11714,20.60699462890625
11715,20.55597305297852
11716,20.457983016967773
11717,20.399808883666992
11718,20.34211158752441
11719,20.28512954711914
11720,20.261049270629883
11721,20.143985748291016
11722,20.15089988708496
11723,20.055055618286133
11724,19.98519897460937
11725,19.91796493530273
11726,19.847869873046875
11727,19.76490020751953
11728,19.75703239440918
11729,19.61898803710937
11730,19.61803436279297
11731,19.538164138793945
11732,19.46902275085449
11733,19.39105987548828
11734,19.362211227416992
11735,19.25015449523925
11736,19.174814224243164
11737,19.116878509521484
11738,19.111156463623047
11739,18.97501945495605
11740,18.98193359375
11741,18.893957138061523
11742,18.8291072845459
11743,18.73016357421875
11744,18.696069717407227
11745,18.621206283569336
11746,18.61500740051269
11747,18.484115600585938
11748,18.47386360168457
11749,18.39900016784668
11750,18.339157104492188
11751,18.25094223022461
11752,18.20993423461914
11753,18.131017684936523
11754,18.07212829589844
11755,17.99297332763672
11756,17.92287826538086
11757,17.876863479614258
11758,17.79794692993164
11759,17.732858657836914
11760,17.718076705932617
11761,17.651081085205078
11762,17.58098602294922
11763,17.529964447021484
11764,17.4560546875
11765,17.399072647094727
11766,17.323970794677734
11767,17.239809036254883
11768,17.182111740112305
11769,17.116785049438477
11770,17.104148864746094
11771,16.965866088867188
11772,16.954898834228516
11773,16.89887046813965
11774,16.80898666381836
11775,16.731977462768555
11776,16.679048538208008
11777,16.59989356994629
11778,16.531944274902344
11779,16.453027725219727
11780,16.447067260742188
11781,16.305923461914062
11782,16.330957412719727
11783,16.234159469604492
11784,21.1789608001709
11785,21.1031436920166
11786,21.03710174560547
11787,21.037817001342773
11788,20.90001106262207
11789,20.888805389404297
11790,20.823955535888672
11791,20.74885368347168
11792,20.70307731628418
11793,20.615100860595703
11794,20.56479454040528
11795,20.5080509185791
11796,20.44105529785156
11797,20.427942276000977
11798,20.307064056396484
11799,20.294904708862305
11800,20.187854766845703
11801,20.155906677246094
11802,20.086050033569336
11803,20.020008087158203
11804,19.94609832763672
11805,19.882917404174805
11806,19.79398727416992
11807,19.72794532775879
11808,19.68002319335937
11809,19.65212821960449
11810,19.5310115814209
11811,19.513845443725582
11812,19.47212219238281
11813,19.389867782592773
11814,19.33002471923828
11815,19.236087799072266
11816,19.18983459472656
11817,19.114971160888672
11818,19.04296875
11819,18.986940383911133
11820,18.93901824951172
11821,18.85914802551269
11822,18.78499984741211
11823,18.78905296325684
11824,18.65696907043457
11825,18.687963485717773
11826,18.54491233825684
11827,18.53489875793457
11828,18.44191551208496
11829,18.38898658752441
11830,18.33200454711914
11831,18.254995346069336
11832,18.24617385864257
11833,18.121957778930664
11834,18.124818801879883
11835,18.045902252197266
11836,17.964839935302734
11837,17.726898193359375
11838,17.6389217376709
11839,17.585039138793945
11840,17.518043518066406
11841,17.52614974975586
11842,17.38715171813965
11843,17.382144927978516
11844,17.30799674987793
11845,17.248153686523438
11846,17.18902587890625
11847,17.13395118713379
11848,17.0440673828125
11849,17.00115203857422
11850,16.93105697631836
11851,16.860008239746094
11852,16.768217086791992
11853,16.749858856201172
11854,16.628026962280273
11855,16.63994789123535
11856,16.560077667236328
11857,16.498088836669922
11858,16.42894744873047
11859,16.37721061706543
11860,16.270875930786133
11861,16.206979751586914
11862,21.18492126464844
11863,21.162033081054688
11864,21.06595039367676
11865,21.00396156311035
11866,20.969867706298828
11867,20.872116088867188
11868,20.746946334838867
11869,20.756959915161133
11870,20.726919174194336
11871,20.66206932067871
11872,20.56217193603516
11873,20.49589157104492
11874,20.48182487487793
11875,20.393848419189453
11876,20.32399177551269
11877,20.266056060791016
11878,20.179033279418945
11879,20.10798454284668
11880,20.03312110900879
11881,19.964933395385746
11882,19.95396614074707
11883,19.82712745666504
11884,19.85001564025879
11885,19.76323127746582
11886,19.687891006469727
11887,19.61803436279297
11888,19.54483985900879
11889,19.46687698364257
11890,19.395112991333008
11891,19.315004348754883
11892,19.305944442749023
11893,19.175052642822266
11894,19.198894500732425
11895,19.12379264831543
11896,19.04296875
11897,18.963098526000977
11898,18.896818161010746
11899,18.81909370422364
11900,18.815994262695312
11901,18.687009811401367
11902,18.715858459472656
11903,18.63694190979004
11904,18.55087280273437
11905,18.48292350769043
11906,18.40686798095703
11907,18.32795143127441
11908,18.241167068481445
11909,18.19300651550293
11910,18.168926239013672
11911,18.030881881713867
11912,18.03112030029297
11913,17.95506477355957
11914,17.87400245666504
11915,17.807960510253906
11916,17.776012420654297
11917,17.70496368408203
11918,17.65894889831543
11919,17.558813095092773
11920,17.50493049621582
11921,17.433881759643555
11922,17.421960830688477
11923,17.29893684387207
11924,17.297983169555664
11925,17.163991928100586
11926,17.16303825378418
11927,17.096996307373047
11928,17.009973526000977
11929,16.94488525390625
11930,16.891002655029297
11931,16.787052154541016
11932,16.72983169555664
11933,16.66402816772461
11934,16.60299301147461
11935,16.555070877075195
11936,16.527891159057617
11937,16.402006149291992
11938,16.37101173400879
11939,16.330957412719727
11940,16.25514030456543
11941,21.24190330505371
11942,21.100997924804688
11943,21.08001708984375
11944,20.99394798278809
11945,20.92790603637696
11946,20.83683013916016
11947,20.82085609436035
11948,20.71499824523925
11949,20.65706253051757
11950,20.57814598083496
11951,20.54595947265625
11952,20.44105529785156
11953,20.44105529785156
11954,20.325899124145508
11955,20.307064056396484
11956,20.234107971191406
11957,20.179033279418945
11958,20.10202407836914
11959,20.03693580627441
11960,19.97590065002441
11961,19.884109497070312
11962,19.819974899291992
11963,19.8209285736084
11964,19.67906951904297
11965,19.694805145263672
11966,19.562959671020508
11967,19.323110580444336
11968,19.243955612182617
11969,19.18792724609375
11970,19.1650390625
11971,19.04892921447754
11972,19.028902053833008
11973,18.95618438720703
11974,18.88608932495117
11975,18.841028213500977
11976,18.783092498779297
11977,18.692970275878903
11978,18.63884925842285
11979,18.568038940429688
11980,18.512964248657227
11981,18.429994583129883
11982,18.36991310119629
11983,18.294095993041992
11984,18.227100372314453
11985,18.157958984375
11986,18.14103126525879
11987,17.998933792114258
11988,18.00394058227539
11989,17.945051193237305
11990,17.86184310913086
11991,17.808914184570312
11992,17.777204513549805
11993,17.715930938720703
11994,17.6389217376709
11995,17.549991607666016
11996,17.498016357421875
11997,17.414093017578125
11998,17.401933670043945
11999,17.26388931274414
12000,17.269134521484375
12001,17.18616485595703
12002,17.117023468017578
12003,17.054080963134766
12004,16.99995994567871
12005,16.91603660583496
12006,16.859054565429688
12007,16.78776741027832
12008,16.726016998291016
12009,16.674041748046875
12010,16.65496826171875
12011,16.517162322998047
12012,16.516923904418945
12013,16.459941864013672
12014,16.376018524169922
12015,16.368865966796875
12016,16.24608039855957
12017,16.185998916625977
12018,21.091222763061523
12019,21.107196807861328
12020,21.02088928222656
12021,20.963191986083984
12022,20.874977111816406
12023,20.80297470092773
12024,20.728111267089844
12025,20.661115646362305
12026,20.61295509338379
12027,20.535945892333984
12028,20.47204971313477
12029,20.478010177612305
12030,20.334959030151367
12031,20.331144332885746
12032,20.267963409423828
12033,20.2028751373291
12034,20.11895179748535
12035,20.04790306091309
12036,19.97590065002441
12037,19.90318298339844
12038,19.84095573425293
12039,19.78015899658203
12040,19.70696449279785
12041,19.701004028320312
12042,19.565105438232425
12043,19.5620059967041
12044,19.49095726013184
12045,19.42992210388184
12046,19.34385299682617
12047,19.28496360778809
12048,19.22392845153809
12049,19.21296119689941
12050,19.075870513916016
12051,19.07205581665039
12052,18.98813247680664
12053,18.948793411254883
12054,18.848180770874023
12055,18.804073333740234
12056,18.723011016845703
12057,18.6920166015625
12058,18.616199493408203
12059,18.59307289123535
12060,18.497943878173828
12061,18.51511001586914
12062,18.375873565673828
12063,18.37420463562012
12064,18.315792083740234
12065,18.19896697998047
12066,18.15986633300781
12067,18.06187629699707
12068,18.04494857788086
12069,18.004894256591797
12070,17.943143844604492
12071,17.833948135375977
12072,17.845869064331055
12073,17.679929733276367
12074,17.71402359008789
12075,17.626047134399414
12076,17.579078674316406
12077,17.467021942138672
12078,17.438173294067383
12079,17.33112335205078
12080,17.367839813232422
12081,17.229080200195312
12082,17.244815826416016
12083,17.14611053466797
12084,17.105817794799805
12085,17.008066177368164
12086,16.94798469543457
12087,16.91603660583496
12088,16.836166381835938
12089,16.762971878051758
12090,16.671180725097656
12091,16.620874404907227
12092,16.622066497802734
12093,16.523122787475586
12094,16.484975814819336
12095,16.407012939453125
12096,16.30997657775879
12097,16.26300811767578
12098,16.21103286743164
12099,21.13199234008789
12100,21.136045455932617
12101,21.003007888793945
12102,20.99490165710449
12103,20.914077758789062
12104,20.82681655883789
12105,20.759105682373047
12106,20.673036575317383
12107,20.60985565185547
12108,20.52903175354004
12109,20.47991752624512
12110,20.481109619140625
12111,20.394086837768555
12112,20.334959030151367
12113,20.28799057006836
12114,20.22290229797364
12115,20.13492584228516
12116,20.06983757019043
12117,20.068883895874023
12118,19.95205879211425
12119,19.926071166992188
12120,19.82998847961425
12121,19.759178161621094
12122,19.704818725585938
12123,19.625186920166016
12124,19.5620059967041
12125,19.5608139038086
12126,19.41490173339844
12127,19.444942474365234
12128,19.305944442749023
12129,19.2868709564209
12130,19.23799514770508
12131,19.154071807861328
12132,19.104957580566406
12133,19.0122127532959
12134,18.94617080688477
12135,18.880844116210938
12136,18.813133239746094
12137,18.811941146850582
12138,18.66698265075684
12139,18.66388320922852
12140,18.589019775390625
12141,18.538951873779297
12142,18.444061279296875
12143,18.414974212646484
12144,18.375158309936523
12145,18.30983161926269
12146,18.224000930786133
12147,18.157958984375
12148,18.10884475708008
12149,18.10002326965332
12150,17.956018447875977
12151,17.96889305114746
12152,17.827987670898438
12153,17.81606674194336
12154,17.760038375854492
12155,17.688989639282227
12156,17.599105834960938
12157,17.546892166137695
12158,17.474889755249023
12159,17.398834228515625
12160,17.327070236206055
12161,17.324209213256836
12162,17.24386215209961
12163,17.180919647216797
12164,17.138004302978516
12165,17.08388328552246
12166,17.040014266967773
12167,16.91293716430664
12168,16.869068145751953
12169,16.782045364379883
12170,16.70694351196289
12171,16.64590835571289
12172,16.58010482788086
12173,16.53885841369629
12174,16.48402214050293
12175,16.464948654174805
12176,16.33286476135254
12177,16.350984573364258
12178,16.276836395263672
12179,21.17705345153809
12180,21.16918563842773
12181,21.04711532592773
12182,21.029949188232425
12183,20.956993103027344
12184,20.91193199157715
12185,20.81584930419922
12186,20.75481414794922
12187,20.67899703979492
12188,20.62702178955078
12189,20.53999900817871
12190,20.49088478088379
12191,20.416975021362305
12192,20.35784721374512
12193,20.29609680175781
12194,20.2939510345459
12195,20.142078399658203
12196,20.13707160949707
12197,20.063161849975582
12198,19.998788833618164
12199,19.94013786315918
12200,19.88697052001953
12201,19.80781555175781
12202,19.775867462158203
12203,19.704818725585938
12204,19.61302757263184
12205,19.55509185791016
12206,19.485950469970703
12207,19.4091796875
12208,19.40488815307617
12209,19.270896911621094
12210,19.2720890045166
12211,19.199132919311523
12212,19.10996437072754
12213,19.062042236328125
12214,18.97716522216797
12215,18.91207695007324
12216,18.84317398071289
12217,18.780946731567383
12218,18.70298385620117
12219,18.64004135131836
12220,18.654823303222656
12221,18.51201057434082
12222,18.48983764648437
12223,18.43404769897461
12224,18.353939056396484
12225,18.27692985534668
12226,18.2180404663086
12227,18.136978149414062
12228,18.080949783325195
12229,17.991065979003906
12230,17.946958541870117
12231,17.89712905883789
12232,17.89093017578125
12233,17.767906188964844
12234,17.750978469848633
12235,17.663955688476562
12236,17.61603355407715
12237,17.555952072143555
12238,17.48800277709961
12239,17.41313934326172
12240,17.33994483947754
12241,17.24386215209961
12242,17.264127731323242
12243,17.126798629760742
12244,17.13109016418457
12245,17.007112503051758
12246,16.994953155517578
12247,16.923189163208008
12248,16.844987869262695
12249,16.79205894470215
12250,16.715049743652344
12251,16.644954681396484
12252,16.640186309814453
12253,16.503095626831055
12254,16.499996185302734
12255,16.41702651977539
12256,16.377925872802734
12257,16.283035278320312
12258,16.217947006225586
12259,21.19588851928711
12260,21.11196517944336
12261,21.03400230407715
12262,20.953893661499023
12263,20.91693878173828
12264,20.849943161010746
12265,20.7819938659668
12266,20.760059356689453
12267,20.68710327148437
12268,20.60508728027344
12269,20.50495147705078
12270,20.50614356994629
12271,20.435810089111328
12272,20.3399658203125
12273,20.25294303894043
12274,20.1718807220459
12275,20.164012908935547
12276,20.11585235595703
12277,20.02096176147461
12278,19.962072372436523
12279,19.8969841003418
12280,19.837141036987305
12281,19.762039184570312
12282,19.697904586791992
12283,19.68002319335937
12284,19.531965255737305
12285,19.513845443725582
12286,19.42300796508789
12287,19.395112991333008
12288,19.312143325805664
12289,19.262075424194336
12290,19.18482780456543
12291,19.118070602416992
12292,19.05179023742676
12293,18.992900848388672
12294,18.91493797302246
12295,18.926143646240234
12296,18.76711845397949
12297,18.70107650756836
12298,18.632888793945312
12299,18.64409446716309
12300,18.503189086914062
12301,18.512964248657227
12302,18.463134765625
12303,18.39900016784668
12304,18.373966217041016
12305,18.249988555908203
12306,18.227100372314453
12307,18.174171447753903
12308,18.080949783325195
12309,18.03302764892578
12310,17.96102523803711
12311,17.899036407470703
12312,17.86184310913086
12313,17.799854278564453
12314,17.748117446899414
12315,17.650127410888672
12316,17.640113830566406
12317,17.524003982543945
12318,17.48204231262207
12319,17.42696762084961
12320,17.346858978271484
12321,17.297029495239258
12322,17.204999923706055
12323,17.138957977294922
12324,17.08388328552246
12325,16.98899269104004
12326,16.942977905273438
12327,16.87002182006836
12328,16.89600944519043
12329,16.726016998291016
12330,16.71004295349121
12331,16.644001007080078
12332,16.543149948120117
12333,16.5250301361084
12334,16.451120376586914
12335,16.3729190826416
12336,16.297101974487305
12337,16.243934631347656
12338,21.20900154113769
12339,21.08407020568848
12340,21.08407020568848
12341,21.00992202758789
12342,20.93100547790528
12343,20.853042602539062
12344,20.77794075012207
12345,20.7061767578125
12346,20.646095275878903
12347,20.573139190673828
12348,20.56407928466797
12349,20.43485641479492
12350,20.41006088256836
12351,20.363807678222656
12352,20.29109001159668
12353,20.216941833496094
12354,20.151138305664062
12355,20.09296417236328
12356,20.006179809570312
12357,20.006179809570312
12358,19.85311508178711
12359,19.85692977905273
12360,19.787073135375977
12361,19.762039184570312
12362,19.64402198791504
12363,19.60611343383789
12364,19.53291893005371
12365,19.501209259033203
12366,19.40703392028809
12367,19.332170486450195
12368,19.26708221435547
12369,19.25492286682129
12370,19.119977951049805
12371,19.12784576416016
12372,19.03390884399414
12373,18.965959548950195
12374,18.9199447631836
12375,18.83506774902344
12376,18.77284049987793
12377,18.73302459716797
12378,18.64409446716309
12379,18.632173538208008
12380,18.49007606506348
12381,18.51201057434082
12382,18.429994583129883
12383,18.34702491760254
12384,18.299102783203125
12385,18.22519302368164
12386,18.136978149414062
12387,18.07379722595215
12388,17.986059188842773
12389,17.993927001953125
12390,17.848968505859375
12391,17.84491539001465
12392,17.76409149169922
12393,17.715930938720703
12394,17.629146575927734
12395,17.59505271911621
12396,17.5018310546875
12397,17.441987991333008
12398,17.355918884277344
12399,17.348051071166992
12400,17.19808578491211
12401,17.204999923706055
12402,17.14801788330078
12403,17.06385612487793
12404,16.98589324951172
12405,16.924142837524414
12406,16.84403419494629
12407,16.844987869262695
12408,16.70694351196289
12409,16.700029373168945
12410,16.618013381958008
12411,16.565799713134766
12412,16.474008560180664
12413,16.421079635620117
12414,16.34502410888672
12415,16.27492904663086
12416,16.21699333190918
12417,21.19898796081543
12418,21.11601829528809
12419,21.064043045043945
12420,20.98894119262696
12421,20.899057388305664
12422,20.83706855773925
12423,20.763158798217773
12424,20.76411247253418
12425,20.62702178955078
12426,20.651817321777344
12427,20.60198783874512
12428,20.53093910217285
12429,20.463943481445312
12430,20.37906646728516
12431,20.313024520874023
12432,20.24197578430176
12433,20.17402648925781
12434,20.10107040405273
12435,20.028114318847656
12436,20.03002166748047
12437,19.88697052001953
12438,19.90795135498047
12439,19.764184951782227
12440,19.773006439208984
12441,19.691944122314453
12442,19.611835479736328
12443,19.54817771911621
12444,19.47188377380371
12445,19.40608024597168
12446,19.333839416503903
12447,19.25206184387207
12448,19.259929656982425
12449,19.114017486572266
12450,19.119977951049805
12451,19.0420150756836
12452,18.99385452270508
12453,18.932104110717773
12454,18.85914802551269
12455,18.769025802612305
12456,18.70894432067871
12457,18.650054931640625
12458,18.646955490112305
12459,18.50605010986328
12460,18.449068069458008
12461,18.384933471679688
12462,18.3560848236084
12463,18.234968185424805
12464,18.22495460510254
12465,18.167972564697266
12466,18.09310913085937
12467,18.02992820739746
12468,17.94600486755371
12469,17.88806915283203
12470,17.902851104736328
12471,17.770767211914062
12472,17.806053161621094
12473,17.67587661743164
12474,17.6389217376709
12475,17.477035522460938
12476,17.457962036132812
12477,17.401933670043945
12478,17.32802391052246
12479,17.254114151000977
12480,17.23504066467285
12481,17.174959182739258
12482,17.119884490966797
12483,17.023086547851562
12484,16.952037811279297
12485,16.869068145751953
12486,16.869068145751953
12487,16.72196388244629
12488,16.676902770996094
12489,16.610145568847656
12490,16.59393310546875
12491,16.47186279296875
12492,16.474008560180664
12493,16.396045684814453
12494,16.314029693603516
12495,16.314983367919922
12496,21.20304107666016
12497,21.19898796081543
12498,21.097898483276367
12499,21.007061004638672
12500,20.949125289916992
